record_id,source,audience,city,type,name,first_name,instagram,has_instagram,followers,email,email_found_on,phone,phone_found_on,website,contactable,incomplete_because
osm-NYC-barbershop-00001,Unlabelled,localbiz,NYC,Barber Shop,Shantl & Co,,,False,,,,,,https://www.barbershopny.com/,no,"No contact, and city not provable"
osm-NYC-barbershop-00002,Unlabelled,localbiz,NYC,Barber Shop,David's Hairstyling,,,False,,,,,,https://davidshairstylingny.com,no,"No contact, and city not provable"
osm-NYC-bookstore-00056,Unlabelled,localbiz,NYC,Bookstore,Dar-Us-Salam Bookstore,,,False,,,,,,https://darussalamny.com,no,"No contact, and city not provable"
osm-NYC-bookstore-00057,Unlabelled,localbiz,NYC,Bookstore,Word Bookstore,,,False,,,,,,https://www.wordbookstores.com/,no,"No contact, and city not provable"
osm-NYC-bookstore-00058,Unlabelled,localbiz,NYC,Bookstore,Lofty Pigeon Books,,,False,,,,,,https://www.loftypigeonbooks.com/,no,"No contact, and city not provable"
osm-NYC-bookstore-00059,Unlabelled,localbiz,NYC,Bookstore,Terrace Books,,,False,,,,,,https://www.communitybookstore.net/,no,"No contact, and city not provable"
osm-NYC-bookstore-00060,Unlabelled,localbiz,NYC,Bookstore,The Nonbinarian,,,False,,,,,,https://thenonbinarian.gay/,no,"No contact, and city not provable"
osm-NYC-bookstore-00061,Unlabelled,localbiz,NYC,Bookstore,Anyone Comics,,,False,,,,,,https://www.anyonecomics.com,no,"No contact, and city not provable"
osm-NYC-bookstore-00062,Unlabelled,localbiz,NYC,Bookstore,Greenlight Bookstore,,,False,,,,,,https://www.greenlightbookstore.com/,no,"No contact, and city not provable"
osm-NYC-bookstore-00063,Unlabelled,localbiz,NYC,Bookstore,Small Editions,,,False,,,,,,https://www.smalleditionsnyc.com,no,"No contact, and city not provable"
osm-NYC-bookstore-00064,Unlabelled,localbiz,NYC,Bookstore,PowerHouse Arena,,,False,,,,,,https://www.powerhousearena.com/,no,"No contact, and city not provable"
osm-NYC-bookstore-00065,Unlabelled,localbiz,NYC,Bookstore,Mekor Judaica,,,False,,,,,,https://mekorjudaica.com/,no,"No contact, and city not provable"
osm-NYC-bookstore-00066,Unlabelled,localbiz,NYC,Bookstore,Eichler's,,,False,,,,,,https://www.shopeichlers.com,no,"No contact, and city not provable"
osm-NYC-bookstore-00067,Unlabelled,localbiz,NYC,Bookstore,Z Berman Books - Flatbush,,,False,,,,,,https://zbermanbooks.com/,no,"No contact, and city not provable"
osm-NYC-bookstore-00068,Unlabelled,localbiz,NYC,Bookstore,The Ripped Bodice,,,False,,,,,,https://www.therippedbodicela.com/ripped-bodice-brooklyn-faq,no,"No contact, and city not provable"
osm-NYC-bookstore-00069,Unlabelled,localbiz,NYC,Bookstore,Books Are Magic,,,False,,,,,,https://www.booksaremagic.net/,no,"No contact, and city not provable"
osm-NYC-bookstore-00070,Unlabelled,localbiz,NYC,Bookstore,Spoonbill & Sugartown Booksellers,,,False,,,,,,https://spoonbillbooks.com/,no,"No contact, and city not provable"
osm-NYC-bookstore-00071,Unlabelled,localbiz,NYC,Bookstore,Slope Comics & Collectibles,,,False,,,,,,https://slopecomics.com,no,"No contact, and city not provable"
osm-NYC-bookstore-00072,Unlabelled,localbiz,NYC,Bookstore,All Eyes on Egipt,,,False,,,,,,http://unwonline.org/bookstores-classes/,no,"No contact, and city not provable"
osm-NYC-bookstore-00073,Unlabelled,localbiz,NYC,Bookstore,Human Relations,,,False,,,,,,http://humanrelationsbooks.com/,no,"No contact, and city not provable"
osm-NYC-bookstore-00074,Unlabelled,localbiz,NYC,Bookstore,Catland,,,False,,,,,,https://www.catlandbooks.com/,no,"No contact, and city not provable"
osm-NYC-bookstore-00075,Unlabelled,localbiz,NYC,Bookstore,Berl's Brooklyn Poetry Shop,,,False,,,,,,https://berlspoetry.com,no,No email or phone printed on their own pages
osm-NYC-bookstore-00076,Unlabelled,localbiz,NYC,Bookstore,Mil Mundos Books,,,False,,,,,,https://milmundosbooks.com/,no,"No contact, and city not provable"
osm-NYC-bookstore-00077,Unlabelled,localbiz,NYC,Bookstore,Center for Fiction Bookstore,,,False,,,,,,https://centerforfiction.org/visit/bookstore/,no,"No contact, and city not provable"
osm-NYC-bookstore-00078,Unlabelled,localbiz,NYC,Bookstore,Molasses Books,,,False,,,,,,https://www.molassesbooks.org/,no,"No contact, and city not provable"
osm-NYC-bookstore-00079,Unlabelled,localbiz,NYC,Bookstore,Quimby's Bookstore,,,False,,,,,,https://quimbysnyc.com,no,"No contact, and city not provable"
osm-NYC-bookstore-00080,Unlabelled,localbiz,NYC,Bookstore,Kayroxk,,,False,,,,,,https://www.kayrock.org/,no,"No contact, and city not provable"
osm-NYC-bookstore-00081,Unlabelled,localbiz,NYC,Bookstore,leaves,,,False,,,,,,https://www.leavesbookstore.com/,no,"No contact, and city not provable"
osm-NYC-bookstore-00082,Unlabelled,localbiz,NYC,Bookstore,Love & Legends Books,,,False,,,,,,https://www.loveandlegendsbooks.com/,no,"No contact, and city not provable"
osm-NYC-bookstore-00083,Unlabelled,localbiz,NYC,Bookstore,Unnameable Books,,,False,,,,,,https://unnameablebooks.blogspot.com,no,"No contact, and city not provable"
osm-NYC-bookstore-00084,Unlabelled,localbiz,NYC,Bookstore,Playground Annex,,,False,,,,,,https://playgroundcoffeeshop.com/annex/,no,"No contact, and city not provable"
osm-NYC-bookstore-00085,Unlabelled,localbiz,NYC,Bookstore,Black Spring Books,,,False,,,,,,https://www.blackspringbookstore.com,no,"No contact, and city not provable"
osm-NYC-bookstore-00086,Unlabelled,localbiz,NYC,Bookstore,The Word Is Change,,,False,,,,,,https://www.thewordischange.com/,no,"No contact, and city not provable"
osm-NYC-bookstore-00087,Unlabelled,localbiz,NYC,Bookstore,Taylor & Co.,,,False,,,,,,https://www.taylorcobooks.com,no,"No contact, and city not provable"
osm-NYC-bookstore-00088,Unlabelled,localbiz,NYC,Bookstore,McNally Jackson,,,False,,,,,,https://www.mcnallyjackson.com/,no,"No contact, and city not provable"
osm-NYC-bookstore-00089,Unlabelled,localbiz,NYC,Bookstore,The Twisted Spine,,,False,,,,,,https://www.twistedspinebooks.com/,no,"No contact, and city not provable"
osm-NYC-bookstore-00090,Unlabelled,localbiz,NYC,Bookstore,Hive Mind Books,,,False,,,,,,https://www.hivemindbooks.com/,no,"No contact, and city not provable"
osm-NYC-bookstore-00091,Unlabelled,localbiz,NYC,Bookstore,Standards Manual,,,False,,,,,,https://standardsmanual.com/,no,"No contact, and city not provable"
osm-NYC-bookstore-00092,Unlabelled,localbiz,NYC,Bookstore,BEM | books & more,,,False,,,,,,https://www.bembrooklyn.com/,no,"No contact, and city not provable"
osm-NYC-dancestudio-00027,Unlabelled,localbiz,NYC,Dance Studio,Marylou's Dance Studio,,,False,,,,,,https://www.marylousdancestudio.com/,no,"No contact, and city not provable"
osm-NYC-dancestudio-00028,Unlabelled,localbiz,NYC,Dance Studio,Wild Heart Performing Arts Studio,,,False,,,,,,https://www.wildheartpas.com/,no,"No contact, and city not provable"
osm-NYC-dancestudio-00029,Unlabelled,localbiz,NYC,Dance Studio,Green Space,,,False,,,,,,https://www.greenspacestudio.org,no,"No contact, and city not provable"
osm-NYC-dancestudio-00030,Unlabelled,localbiz,NYC,Dance Studio,Martha's Dance Center,,,False,,,,,,https://www.marthasdancecenter.com/,no,"No contact, and city not provable"
osm-NYC-dancestudio-00031,Unlabelled,localbiz,NYC,Dance Studio,Dancing Dreams,,,False,,,,,,https://dancingdreams.org/,no,"No contact, and city not provable"
osm-NYC-dancestudio-00043,Unlabelled,localbiz,NYC,Dance Studio,Rod Rogers Dance Company,,,False,,,,,,https://www.rodrodgersdance.org/,no,"No contact, and city not provable"
osm-NYC-dancestudio-00044,Unlabelled,localbiz,NYC,Dance Studio,ReVision Lounge and Gallery,,,False,,,,,,http://www.revisionlounge.com/,no,"No contact, and city not provable"
osm-NYC-dancestudio-00045,Unlabelled,localbiz,NYC,Dance Studio,Ripley-Grier Flexible Spaces,,,False,,,,,,https://ripleygrier.com/ripley-grier-studios-520-8th-ave-for-rent.html,no,"No contact, and city not provable"
osm-NYC-dancestudio-00046,Unlabelled,localbiz,NYC,Dance Studio,Bridge for Dance,,,False,,,,,,https://www.bridgefordance.com,no,"No contact, and city not provable"
osm-NYC-dancestudio-00047,Unlabelled,localbiz,NYC,Dance Studio,Dance with Miss Rachel,,,False,,,,,,https://www.dancewithmissrachel.com/,no,"No contact, and city not provable"
osm-NYC-dancestudio-00048,Unlabelled,localbiz,NYC,Dance Studio,PMT House of Dance,,,False,,,,,,https://www.pmthouseofdance.com/,no,"No contact, and city not provable"
osm-NYC-dancestudio-00049,Unlabelled,localbiz,NYC,Dance Studio,Luigi's Jazz Centre,,,False,,,,,,https://www.luigijazz.com/,no,"No contact, and city not provable"
osm-NYC-dentist-00050,Unlabelled,localbiz,NYC,Dentist,Steve Alper DMD,,,False,,,,,,https://alperdmd.com/,no,"No contact, and city not provable"
osm-NYC-dentist-00051,Unlabelled,localbiz,NYC,Dentist,Tend,,,False,,,,,,https://www.hellotend.com/studios/new-york-city/wall-street,no,"No contact, and city not provable"
osm-NYC-dentist-00052,Unlabelled,localbiz,NYC,Dentist,Smile Pop,,,False,,,,,,https://www.smilepop.com,no,"No contact, and city not provable"
osm-NYC-dentist-00053,Unlabelled,localbiz,NYC,Dentist,Village Dental Surgery,,,False,,,,,,https://villagedentalmedicine.com,no,"No contact, and city not provable"
osm-NYC-dentist-00054,Unlabelled,localbiz,NYC,Dentist,Park South Dentistry,,,False,,,,,,https://www.parksouthdentistry.com/,no,"No contact, and city not provable"
osm-NYC-dentist-00055,Unlabelled,localbiz,NYC,Dentist,Integrated Aesthetic Dentistry,,,False,,,,,,https://www.iadentistry.com/contactus/park-avenue-office/,no,"No contact, and city not provable"
osm-NYC-dentist-00056,Unlabelled,localbiz,NYC,Dentist,Manhattan Periodontics & Implant Dentistry,,,False,,,,,,https://www.periony.com,no,No email or phone printed on their own pages
osm-NYC-dentist-00057,Unlabelled,localbiz,NYC,Dentist,"Dr. Sara B. Babich, DDS",,,False,,,,,,https://www.nycpediatricdentist.com/,no,"No contact, and city not provable"
osm-NYC-dentist-00058,Unlabelled,localbiz,NYC,Dentist,"Gibbs Orthodontic Associates, P.C",,,False,,,,,,https://www.gibbsortho.com/,no,"No contact, and city not provable"
osm-NYC-dentist-00059,Unlabelled,localbiz,NYC,Dentist,Concerned Dental Care,,,False,,,,,,https://concerneddentalcare.com/upper-west-side,no,"No contact, and city not provable"
osm-NYC-dentist-00060,Unlabelled,localbiz,NYC,Dentist,UWS Dental,,,False,,,,,,https://uwsdentalonline.com,no,"No contact, and city not provable"
osm-NYC-dentist-00061,Unlabelled,localbiz,NYC,Dentist,The Dental Office of Dr. Ronald Birnbaum,,,False,,,,,,http://www.drbirnbaum.com,no,"No contact, and city not provable"
osm-NYC-dentist-00062,Unlabelled,localbiz,NYC,Dentist,"Maheshkumar Shah, DDS",,,False,,,,,,https://www.maheshkumarshahdds.com/,no,"No contact, and city not provable"
osm-NYC-dentist-00063,Unlabelled,localbiz,NYC,Dentist,"Andrew M. Lutzker, D.M.D.",,,False,,,,,,http://andrewlutzkerdmd.com,no,"No contact, and city not provable"
osm-NYC-dentist-00064,Unlabelled,localbiz,NYC,Dentist,Central Park South Dental Care,,,False,,,,,,https://www.200centralparkdental.com/,no,"No contact, and city not provable"
osm-NYC-dentist-00065,Unlabelled,localbiz,NYC,Dentist,Midtown Dental Group,,,False,,,,,,https://www.midtowndentalspecialists.com/,no,"No contact, and city not provable"
osm-NYC-dentist-00066,Unlabelled,localbiz,NYC,Dentist,NYC Dental Implants Center,,,False,,,,,,https://www.nycdentalimplantscenter.com,no,No email or phone printed on their own pages
osm-NYC-dentist-00067,Unlabelled,localbiz,NYC,Dentist,Bella Dental,,,False,,,,,,https://www.belladentalnyc.com/,no,"No contact, and city not provable"
osm-NYC-dentist-00068,Unlabelled,localbiz,NYC,Dentist,Making You Smile Cosmetic Dental Studio,,,False,,,,,,https://makingyousmile.nyc/,no,"No contact, and city not provable"
osm-NYC-dentist-00069,Unlabelled,localbiz,NYC,Dentist,"Esthetix Dentist, NYC's Dental Implant & Cosmetic Specialist",,,False,,,,,,https://www.esthetixdentalspa.com/,no,No email or phone printed on their own pages
osm-NYC-dentist-00070,Unlabelled,localbiz,NYC,Dentist,Greene Street Dental,,,False,,,,,,https://www.greenestreetdental.com,no,"No contact, and city not provable"
osm-NYC-dentist-00071,Unlabelled,localbiz,NYC,Dentist,W Dental,,,False,,,,,,https://www.wdentalwillowpark.com/,no,"No contact, and city not provable"
osm-NYC-dentist-00072,Unlabelled,localbiz,NYC,Dentist,SLim Dental Kids,,,False,,,,,,https://www.slimdentalkids.com,no,"No contact, and city not provable"
osm-NYC-dentist-00073,Unlabelled,localbiz,NYC,Dentist,National Dental,,,False,,,,,,https://uppereastside.lovenationaldental.com/,no,"No contact, and city not provable"
osm-NYC-dentist-00074,Unlabelled,localbiz,NYC,Dentist,Soho Smile,,,False,,,,,,https://www.sohosmile.com,no,No email or phone printed on their own pages
osm-NYC-dentist-00075,Unlabelled,localbiz,NYC,Dentist,Bowery Dental,,,False,,,,,,https://bowerydental.nyc,no,"No contact, and city not provable"
osm-NYC-dentist-00076,Unlabelled,localbiz,NYC,Dentist,Diamond Braces,,,False,,,,,,https://diamondbraces.com/locations/park-slope-brooklyn,no,"No contact, and city not provable"
osm-NYC-dentist-00077,Unlabelled,localbiz,NYC,Dentist,Sound Dental,,,False,,,,,,https://www.sounddentalnyc.com,no,"No contact, and city not provable"
osm-NYC-dentist-00078,Unlabelled,localbiz,NYC,Dentist,Dental Place,,,False,,,,,,https://dentalplaceny.com/,no,"No contact, and city not provable"
osm-NYC-dentist-00079,Unlabelled,localbiz,NYC,Dentist,Glenn Reit D.D.S.,,,False,,,,,,https://www.reitdds.com,no,"No contact, and city not provable"
osm-NYC-dentist-00080,Unlabelled,localbiz,NYC,Dentist,Bright Smile Design Dental,,,False,,,,,,https://www.brightsmiledesign.com,no,"No contact, and city not provable"
osm-NYC-dentist-00081,Unlabelled,localbiz,NYC,Dentist,Sound Dentistry,,,False,,,,,,http://sound-dentistry.com/,no,"No contact, and city not provable"
osm-NYC-dentist-00082,Unlabelled,localbiz,NYC,Dentist,Shalman Dentistry,,,False,,,,,,https://www.shalmandentistry.com,no,"No contact, and city not provable"
osm-NYC-dentist-00083,Unlabelled,localbiz,NYC,Dentist,Coliseum Dental East,,,False,,,,,,https://coliseumdental.com,no,"No contact, and city not provable"
osm-NYC-dentist-00084,Unlabelled,localbiz,NYC,Dentist,Tribeca Smiles,,,False,,,,,,https://www.tribecasmiles.com,no,No email or phone printed on their own pages
osm-NYC-dentist-00085,Unlabelled,localbiz,NYC,Dentist,Empower Your Smile DDS,,,False,,,,,,https://empoweryoursmile.com,no,"No contact, and city not provable"
osm-NYC-dentist-00086,Unlabelled,localbiz,NYC,Dentist,Soul Dental West,,,False,,,,,,https://souldentalnyc.com/,no,"No contact, and city not provable"
osm-NYC-dentist-00087,Unlabelled,localbiz,NYC,Dentist,Mint+Bella Dental,,,False,,,,,,https://dentistgreenwichvillageny.com,no,"No contact, and city not provable"
osm-NYC-dentist-00088,Unlabelled,localbiz,NYC,Dentist,Revitta Smile,,,False,,,,,,https://www.revittasmile.com/,no,"No contact, and city not provable"
osm-NYC-dentist-00089,Unlabelled,localbiz,NYC,Dentist,Dr. Ronald Biondo Oral & Maxillofacial Surgeon,,,False,,,,,,https://drbiondooralsurgeon.com,no,"No contact, and city not provable"
osm-NYC-dentist-00090,Unlabelled,localbiz,NYC,Dentist,Parsons Smile Center,,,False,,,,,,https://parsonssmilecenter.com/manhattan,no,"No contact, and city not provable"
osm-NYC-dentist-00091,Unlabelled,localbiz,NYC,Dentist,Tooth Works,,,False,,,,,,https://www.toothworksnyc.com/,no,"No contact, and city not provable"
osm-NYC-dentist-00092,Unlabelled,localbiz,NYC,Dentist,New York Smiles,,,False,,,,,,https://newyorksmilesdental.com,no,No email or phone printed on their own pages
osm-NYC-dentist-00093,Unlabelled,localbiz,NYC,Dentist,New York Family Dental Arts,,,False,,,,,,https://dentalartsny.com,no,No email or phone printed on their own pages
osm-NYC-dentist-00094,Unlabelled,localbiz,NYC,Dentist,Smiles on Smiles,,,False,,,,,,https://www.smilesonsmilesdentalcare.com,no,"No contact, and city not provable"
osm-NYC-dentist-00095,Unlabelled,localbiz,NYC,Dentist,Sunshine Smiles,,,False,,,,,,https://sunshinesmilesny.com,no,"No contact, and city not provable"
osm-NYC-dentist-00096,Unlabelled,localbiz,NYC,Dentist,Dental 365,,,False,,,,,,https://www.godental365.com/location/ny/new-york-county/dental365-upper-west-side,no,"No contact, and city not provable"
osm-NYC-dentist-00097,Unlabelled,localbiz,NYC,Dentist,Uptown Dental,,,False,,,,,,https://uptownnycdental.com,no,"No contact, and city not provable"
osm-NYC-dentist-00098,Unlabelled,localbiz,NYC,Dentist,Park Smiles NYC,,,False,,,,,,https://www.parksmilesnyc.com/,no,No email or phone printed on their own pages
osm-NYC-dentist-00099,Unlabelled,localbiz,NYC,Dentist,Cosmetic Dentistry Center NYC,,,False,,,,,,https://www.cosmeticdentistrycenternyc.com/,no,No email or phone printed on their own pages
osm-NYC-dentist-00100,Unlabelled,localbiz,NYC,Dentist,"Mehrdad Noorani, DMD",,,False,,,,,,https://smileforevernyc.com/,no,"No contact, and city not provable"
osm-NYC-dentist-00101,Unlabelled,localbiz,NYC,Dentist,Massol Dental,,,False,,,,,,https://massoldentalnyc.com,no,"No contact, and city not provable"
osm-NYC-dentist-00102,Unlabelled,localbiz,NYC,Dentist,Century Dentistry Center,,,False,,,,,,https://www.centurymedicaldental.com/dentistry/,no,"No contact, and city not provable"
osm-NYC-dentist-00103,Unlabelled,localbiz,NYC,Dentist,Manhattan Bridge Orthodontics,,,False,,,,,,https://manhattanbridgeortho.com/,no,No email or phone printed on their own pages
osm-NYC-dentist-00104,Unlabelled,localbiz,NYC,Dentist,Central Park West Dentistry,,,False,,,,,,https://www.cpwdentistry.com/,no,"No contact, and city not provable"
osm-NYC-dentist-00105,Unlabelled,localbiz,NYC,Dentist,NYC Dentistry Center,,,False,,,,,,https://www.nycdentistrycenter.com/,no,No email or phone printed on their own pages
osm-NYC-dentist-00106,Unlabelled,localbiz,NYC,Dentist,Open Sesame Dentistry,,,False,,,,,,https://opensesamekids.com/,no,"No contact, and city not provable"
osm-NYC-dentist-00107,Unlabelled,localbiz,NYC,Dentist,Manhattan Dental Arts,,,False,,,,,,https://manhattandentalarts.com/,no,No email or phone printed on their own pages
osm-NYC-dentist-00108,Unlabelled,localbiz,NYC,Dentist,Tribeca Dental Design,,,False,,,,,,https://tribecadentaldesign.com/,no,No email or phone printed on their own pages
osm-NYC-dentist-00109,Unlabelled,localbiz,NYC,Dentist,Manhattan Oral Surgery and Implant Center,,,False,,,,,,https://www.manhattanoralsurgerycenter.com/,no,No email or phone printed on their own pages
osm-NYC-dentist-00110,Unlabelled,localbiz,NYC,Dentist,Dentistry By Design,,,False,,,,,,https://dentistrybydesignks.com/,no,"No contact, and city not provable"
osm-NYC-drivingschoo-00032,Unlabelled,localbiz,NYC,Driving School,26 MPH Driving School,,,False,,,,,,https://www.26mphdrivingschool.com/,no,"No contact, and city not provable"
osm-NYC-drivingschoo-00033,Unlabelled,localbiz,NYC,Driving School,Ferrari Driving School,,,False,,,,,,https://www.ferraridrivingschool.com/contact/queens-driving-school/,no,"No contact, and city not provable"
osm-NYC-drivingschoo-00034,Unlabelled,localbiz,NYC,Driving School,One Way Driving LLC,,,False,,,,,,http://onewaydrivingny.com/,no,"No contact, and city not provable"
osm-NYC-drivingschoo-00035,Unlabelled,localbiz,NYC,Driving School,Zapiti Auto School and Services,,,False,,,,,,https://zapitiautoschool.com/index.html,no,"No contact, and city not provable"
osm-NYC-drivingschoo-00036,Unlabelled,localbiz,NYC,Driving School,"NYC Driver Institute, Inc.",,,False,,,,,,https://www.driverinstitute.nyc/,no,No email or phone printed on their own pages
osm-NYC-drivingschoo-00037,Unlabelled,localbiz,NYC,Driving School,Blue Steel Auto School,,,False,,,,,,https://bluesteelautoschool.com,no,"No contact, and city not provable"
osm-NYC-drivingschoo-00038,Unlabelled,localbiz,NYC,Driving School,Acai Driving School,,,False,,,,,,https://acaidrivingschool.com,no,"No contact, and city not provable"
osm-NYC-drivingschoo-00039,Unlabelled,localbiz,NYC,Driving School,SK Driving School,,,False,,,,,,https://skdrivingschoolny.com/#,no,"No contact, and city not provable"
osm-NYC-drivingschoo-00040,Unlabelled,localbiz,NYC,Driving School,Yesmin Driving School,,,False,,,,,,https://www.yesmindrivingschool.com/,no,"No contact, and city not provable"
osm-NYC-drycleaner-00020,Unlabelled,localbiz,NYC,Dry Cleaner,Ken Rall 77 Cleaning,,,False,,,,,,https://www.77cleaning.com/,no,"No contact, and city not provable"
osm-NYC-drycleaner-00021,Unlabelled,localbiz,NYC,Dry Cleaner,Absolute Cleaners,,,False,,,,,,https://www.absolutecleaners.net/,no,"No contact, and city not provable"
osm-NYC-drycleaner-00022,Unlabelled,localbiz,NYC,Dry Cleaner,Astoria Laundry Depot,,,False,,,,,,http://www.astorialaundrydepot.com,no,No email or phone printed on their own pages
osm-NYC-drycleaner-00023,Unlabelled,localbiz,NYC,Dry Cleaner,Tina's Laundromat & Dry Cleaners,,,False,,,,,,https://tina-s-laundromat-dry-cleaner-inc.hub.biz/,no,"No contact, and city not provable"
osm-NYC-drycleaner-00024,Unlabelled,localbiz,NYC,Dry Cleaner,Hippodrome Concierge,,,False,,,,,,http://www.hippodromeconcierge.com,no,"No contact, and city not provable"
osm-NYC-drycleaner-00025,Unlabelled,localbiz,NYC,Dry Cleaner,CL Cleaners,,,False,,,,,,https://cleanersnyc.com,no,"No contact, and city not provable"
osm-NYC-drycleaner-00026,Unlabelled,localbiz,NYC,Dry Cleaner,Perma French Cleaners,,,False,,,,,,https://permafrenchcleaners.com,no,"No contact, and city not provable"
osm-NYC-florist-00051,Unlabelled,localbiz,NYC,Florist,Creative Florist,,,False,,,,,,https://www.cflowershop.com,no,"No contact, and city not provable"
osm-NYC-florist-00052,Unlabelled,localbiz,NYC,Florist,Flowers by Giorgie,,,False,,,,,,https://www.flowersbygiorgie.com/,no,"No contact, and city not provable"
osm-NYC-florist-00053,Unlabelled,localbiz,NYC,Florist,Ora La Casa de Las Flores,,,False,,,,,,https://orabytangni.com/,no,"No contact, and city not provable"
osm-NYC-florist-00054,Unlabelled,localbiz,NYC,Florist,FLorEsta,,,False,,,,,,https://florestanyc.com/,no,"No contact, and city not provable"
osm-NYC-florist-00055,Unlabelled,localbiz,NYC,Florist,Bayside Florist,,,False,,,,,,https://www.baysideflorist.com/,no,"No contact, and city not provable"
osm-NYC-florist-00056,Unlabelled,localbiz,NYC,Florist,Flowers by Nonna,,,False,,,,,,https://www.flowersbynonna.net/,no,"No contact, and city not provable"
osm-NYC-florist-00057,Unlabelled,localbiz,NYC,Florist,Heavenly Florist,,,False,,,,,,https://www.heavenlyfloristny.com/,no,"No contact, and city not provable"
osm-NYC-florist-00058,Unlabelled,localbiz,NYC,Florist,Flowers By Peter,,,False,,,,,,https://www.flowersbypeter.net,no,"No contact, and city not provable"
osm-NYC-florist-00059,Unlabelled,localbiz,NYC,Florist,Astoria Florist,,,False,,,,,,http://places.singleplatform.com/astoria-florist/menu,no,No email or phone printed on their own pages
osm-NYC-florist-00060,Unlabelled,localbiz,NYC,Florist,Studio Arts Florist,,,False,,,,,,https://studioarts.florist,no,"No contact, and city not provable"
osm-NYC-florist-00061,Unlabelled,localbiz,NYC,Florist,Go Green Floral Design,,,False,,,,,,https://www.gogreenfloraldesign.com,no,"No contact, and city not provable"
osm-NYC-florist-00062,Unlabelled,localbiz,NYC,Florist,Diya Flowers by Shanta,,,False,,,,,,https://flowersbyshanta.com,no,"No contact, and city not provable"
osm-NYC-florist-00063,Unlabelled,localbiz,NYC,Florist,Fern Botanica,,,False,,,,,,https://www.fernbotanica.com/,no,"No contact, and city not provable"
osm-NYC-hairsalon-00001,Unlabelled,localbiz,NYC,Hair Salon,Ascend Day Spa,,,False,,,,,,https://www.ascendspa.com/,no,"No contact, and city not provable"
osm-NYC-hairsalon-00002,Unlabelled,localbiz,NYC,Hair Salon,Chafi's Hair Salon,,,False,,,,,,https://chafis-hair-salon.negocio.site/,no,"No contact, and city not provable"
osm-NYC-hairsalon-00003,Unlabelled,localbiz,NYC,Hair Salon,Kakaboka Hair Salon,,,False,,,,,,http://www.kakabokahair.com/,no,"No contact, and city not provable"
osm-NYC-hairsalon-00004,Unlabelled,localbiz,NYC,Hair Salon,Mam African Hair Braiding,,,False,,,,,,https://www.mamhairbraiding.com/,no,"No contact, and city not provable"
osm-NYC-hairsalon-00005,Unlabelled,localbiz,NYC,Hair Salon,True Human Hair,,,False,,,,,,https://www.thetruehair.com,no,"No contact, and city not provable"
osm-NYC-hairsalon-00006,Unlabelled,localbiz,NYC,Hair Salon,LIC Kids Cuts,,,False,,,,,,http://lickidscuts.com,no,"No contact, and city not provable"
osm-NYC-hairsalon-00007,Unlabelled,localbiz,NYC,Hair Salon,Celtic Hair Design,,,False,,,,,,https://www.angeliteholistic.com/,no,"No contact, and city not provable"
osm-NYC-hairsalon-00008,Unlabelled,localbiz,NYC,Hair Salon,Get Nellafyd Hair & Makeup Studio,,,False,,,,,,https://www.getnellafyd.com/,no,"No contact, and city not provable"
osm-NYC-hairsalon-00009,Unlabelled,localbiz,NYC,Hair Salon,Amy Hair Salon,,,False,,,,,,https://www.facebook.com/Amy-Hair-Salon-467751333408028/,no,"No contact, and city not provable"
osm-NYC-hairsalon-00010,Unlabelled,localbiz,NYC,Hair Salon,The Hair Studio NYC,,,False,,,,,,https://www.thehairstudionyc.com,no,No email or phone printed on their own pages
osm-NYC-hairsalon-00011,Unlabelled,localbiz,NYC,Hair Salon,The Beauty Lounge,,,False,,,,,,https://www.thebeautyloungenyc.com/,no,"No contact, and city not provable"
osm-NYC-hairsalon-00012,Unlabelled,localbiz,NYC,Hair Salon,Prestige,,,False,,,,,,https://barbershopinqueensny.com,no,"No contact, and city not provable"
osm-NYC-hairsalon-00013,Unlabelled,localbiz,NYC,Hair Salon,MG LIC Hair Artistic Studio,,,False,,,,,,https://mghairartistic.com/ny-longislandcity,no,"No contact, and city not provable"
osm-NYC-hairsalon-00014,Unlabelled,localbiz,NYC,Hair Salon,LZ Salon & Spa,,,False,,,,,,https://www.lzsalonspa.com,no,"No contact, and city not provable"
osm-NYC-hairsalon-00015,Unlabelled,localbiz,NYC,Hair Salon,Beauty 21,,,False,,,,,,http://www.beauty21hair.com/,no,"No contact, and city not provable"
osm-NYC-hairsalon-00016,Unlabelled,localbiz,NYC,Hair Salon,Touch of Class Salon and Spa,,,False,,,,,,https://www.touchofclassny.com,no,"No contact, and city not provable"
osm-NYC-hairsalon-00017,Unlabelled,localbiz,NYC,Hair Salon,Contura Fine Hair Salon,,,False,,,,,,https://www.conturanyc.com/,no,"No contact, and city not provable"
osm-NYC-hairsalon-00018,Unlabelled,localbiz,NYC,Hair Salon,Groomers and Pomade,,,False,,,,,,https://www.groomersandpomade.com/copy-of-bushwick-studio-loft,no,"No contact, and city not provable"
osm-NYC-hairsalon-00019,Unlabelled,localbiz,NYC,Hair Salon,Gigi's Styling Studio,,,False,,,,,,https://www.gigistylingstudio.com/,no,"No contact, and city not provable"
osm-NYC-hardwarestor-00048,Unlabelled,localbiz,NYC,Hardware Store,Platz Hardware True Value,,,False,,,,,,https://www.truevalue.com/platzhdwetruevalue,no,"No contact, and city not provable"
osm-NYC-hardwarestor-00049,Unlabelled,localbiz,NYC,Hardware Store,Stanley Hardware Store,,,False,,,,,,http://www.stanleyhardwarestore.com/,no,"No contact, and city not provable"
osm-NYC-hardwarestor-00050,Unlabelled,localbiz,NYC,Hardware Store,Big Apple Hardware & Houseware,,,False,,,,,,https://www.bigapplehardware.com/,no,"No contact, and city not provable"
osm-NYC-hardwarestor-00111,Unlabelled,localbiz,NYC,Hardware Store,KC Electric Hardware,,,False,,,,,,https://www.truevalue.com/mikcobldgmaterials,no,"No contact, and city not provable"
osm-NYC-hardwarestor-00112,Unlabelled,localbiz,NYC,Hardware Store,A E Supply Corp,,,False,,,,,,https://aeplumbingsupply.com,no,"No contact, and city not provable"
osm-NYC-hardwarestor-00113,Unlabelled,localbiz,NYC,Hardware Store,Advantage Wholesale Supply,,,False,,,,,,https://awsupply.com,no,"No contact, and city not provable"
osm-NYC-hardwarestor-00114,Unlabelled,localbiz,NYC,Hardware Store,Fulton Supply Hardware,,,False,,,,,,https://fultonsupplynyc.com,no,"No contact, and city not provable"
osm-NYC-hardwarestor-00115,Unlabelled,localbiz,NYC,Hardware Store,Rivington Discount & Hardware,,,False,,,,,,https://www.pointy.com/shops/usa/new-york/manhattan/rivington-discount-and-hardware,no,"No contact, and city not provable"
osm-NYC-hardwarestor-00116,Unlabelled,localbiz,NYC,Hardware Store,Lumber Boys,,,False,,,,,,http://www.lumberboys.com/,no,"No contact, and city not provable"
osm-NYC-hardwarestor-00117,Unlabelled,localbiz,NYC,Hardware Store,NutHouse Hardware,,,False,,,,,,http://www.nuthousehardware.com,no,"No contact, and city not provable"
osm-NYC-hardwarestor-00118,Unlabelled,localbiz,NYC,Hardware Store,New York Paint & Hardware,,,False,,,,,,https://www.nypaintandhardware.com/,no,No email or phone printed on their own pages
osm-NYC-hardwarestor-00119,Unlabelled,localbiz,NYC,Hardware Store,S & V True Value Hardware,,,False,,,,,,https://ww3.truevalue.com/svtruevalue,no,"No contact, and city not provable"
osm-NYC-hardwarestor-00120,Unlabelled,localbiz,NYC,Hardware Store,True Value,,,False,,,,,,https://csgroupny.com,no,"No contact, and city not provable"
osm-NYC-hardwarestor-00121,Unlabelled,localbiz,NYC,Hardware Store,Kove Brothers Hardware,,,False,,,,,,https://kovebrothers.nyc,no,"No contact, and city not provable"
osm-NYC-hardwarestor-00122,Unlabelled,localbiz,NYC,Hardware Store,Third Avenue Hardware Inc.,,,False,,,,,,https://www.benjaminmoore.com/en-us/store-locator/10006179/third-avenue-hardware-inc,no,"No contact, and city not provable"
osm-NYC-hardwarestor-00123,Unlabelled,localbiz,NYC,Hardware Store,Safety Hardware Store,,,False,,,,,,https://safetyhardwarestore.com/,no,"No contact, and city not provable"
osm-NYC-hardwarestor-00124,Unlabelled,localbiz,NYC,Hardware Store,Hercules Plumbing Electrical & Hardware Supply,,,False,,,,,,https://hercules-supply-house.business.site,no,"No contact, and city not provable"
osm-NYC-hardwarestor-00125,Unlabelled,localbiz,NYC,Hardware Store,Sky Locksmith & Hardware,,,False,,,,,,https://www.skylocksmith.com/,no,"No contact, and city not provable"
osm-NYC-hardwarestor-00126,Unlabelled,localbiz,NYC,Hardware Store,Weilgus & Sons,,,False,,,,,,https://weilgusnyc.com,no,"No contact, and city not provable"
osm-NYC-hardwarestor-00127,Unlabelled,localbiz,NYC,Hardware Store,Bayard's Hardware,,,False,,,,,,http://www.bayardshardware.com,no,"No contact, and city not provable"
osm-NYC-hardwarestor-00128,Unlabelled,localbiz,NYC,Hardware Store,Gartner's Hardware,,,False,,,,,,https://gartnershardware.com/,no,"No contact, and city not provable"
osm-NYC-hardwarestor-00129,Unlabelled,localbiz,NYC,Hardware Store,Saifee Hardware,,,False,,,,,,https://www.saifeehardware.com,no,"No contact, and city not provable"
osm-NYC-hardwarestor-00130,Unlabelled,localbiz,NYC,Hardware Store,73rd Street Hardware,,,False,,,,,,https://73rdstreethardware.net,no,"No contact, and city not provable"
osm-NYC-hardwarestor-00131,Unlabelled,localbiz,NYC,Hardware Store,New York Plumbing Supply,,,False,,,,,,https://nyps1.com/manhattan/,no,No email or phone printed on their own pages
osm-NYC-hardwarestor-00132,Unlabelled,localbiz,NYC,Hardware Store,Harbor Freight Tools,,,False,,,,,,https://www.harborfreight.com/storelocator/626-tuttle-creek-blvd-suite-a-manhattan-66502,no,"No contact, and city not provable"
osm-NYC-languagescho-00028,Unlabelled,localbiz,NYC,Language School,Idlewild,,,False,,,,,,https://www.idlewildbooks.com/,no,"No contact, and city not provable"
osm-NYC-languagescho-00029,Unlabelled,localbiz,NYC,Language School,Juguemos a Cantar,,,False,,,,,,https://www.juguemos.org/,no,"No contact, and city not provable"
osm-NYC-languagescho-00041,Unlabelled,localbiz,NYC,Language School,German-American School,,,False,,,,,,https://german-american-school.org/,no,"No contact, and city not provable"
osm-NYC-nailsalon-00002,Unlabelled,localbiz,NYC,Nail Salon,High Profile Nails,,,False,,,,,,https://linktr.ee/hpnailsnyc,no,"No contact, and city not provable"
osm-NYC-nailsalon-00003,Unlabelled,localbiz,NYC,Nail Salon,Moko Nail Spa,,,False,,,,,,https://moko-nail-spa.business.site,no,"No contact, and city not provable"
osm-NYC-nailsalon-00004,Unlabelled,localbiz,NYC,Nail Salon,Honey Nail Salon,,,False,,,,,,https://www.honeynails.com/locations.php,no,"No contact, and city not provable"
osm-NYC-nailsalon-00005,Unlabelled,localbiz,NYC,Nail Salon,pH7 Nails & Sugaring,,,False,,,,,,https://www.ph7nailcouture.com,no,"No contact, and city not provable"
osm-NYC-nailsalon-00006,Unlabelled,localbiz,NYC,Nail Salon,Rika Nail Salon,,,False,,,,,,https://www.rikanailsalon.com,no,"No contact, and city not provable"
osm-NYC-nailsalon-00007,Unlabelled,localbiz,NYC,Nail Salon,Nail Project,,,False,,,,,,https://nailproject.com/,no,"No contact, and city not provable"
osm-NYC-nailsalon-00008,Unlabelled,localbiz,NYC,Nail Salon,Flourish DYC,,,False,,,,,,https://flourishdyc.com,no,"No contact, and city not provable"
osm-NYC-nailsalon-00009,Unlabelled,localbiz,NYC,Nail Salon,Reedchy,,,False,,,,,,https://reedchy.com/,no,"No contact, and city not provable"
osm-NYC-nailsalon-00010,Unlabelled,localbiz,NYC,Nail Salon,Crystal Spa,,,False,,,,,,http://crystalspa18.blogspot.com/,no,"No contact, and city not provable"
osm-NYC-nailsalon-00011,Unlabelled,localbiz,NYC,Nail Salon,miGak Nail Art Table,,,False,,,,,,https://www.migakny.com,no,"No contact, and city not provable"
osm-NYC-nailsalon-00012,Unlabelled,localbiz,NYC,Nail Salon,Nail Chic,,,False,,,,,,https://nailchicsalon.com,no,"No contact, and city not provable"
osm-NYC-nailsalon-00013,Unlabelled,localbiz,NYC,Nail Salon,Bak2Basics Nail Salon & Spa,,,False,,,,,,https://bak2basicsnailsalon.com,no,"No contact, and city not provable"
osm-NYC-nailsalon-00014,Unlabelled,localbiz,NYC,Nail Salon,Triple Crown Salon,,,False,,,,,,https://www.triplecrownsalon.com,no,"No contact, and city not provable"
osm-NYC-nailsalon-00015,Unlabelled,localbiz,NYC,Nail Salon,Thelaqlab,,,False,,,,,,https://thelaqlab.com,no,"No contact, and city not provable"
osm-NYC-nailsalon-00016,Unlabelled,localbiz,NYC,Nail Salon,Ruchki da Nozhki Nail Lounge,,,False,,,,,,https://www.rdnsalon.com,no,"No contact, and city not provable"
osm-NYC-nailsalon-00017,Unlabelled,localbiz,NYC,Nail Salon,71:29 Nail Studio,,,False,,,,,,https://www.7129nailstudio.com,no,"No contact, and city not provable"
osm-NYC-nailsalon-00018,Unlabelled,localbiz,NYC,Nail Salon,Tina Green Nail Salon,,,False,,,,,,https://www.tinagreennail.com,no,"No contact, and city not provable"
osm-NYC-nailsalon-00019,Unlabelled,localbiz,NYC,Nail Salon,Canaan Nails and Spa,,,False,,,,,,https://www.facebook.com/Canaannails,no,"No contact, and city not provable"
osm-NYC-nailsalon-00020,Unlabelled,localbiz,NYC,Nail Salon,Wellzen Lounge,,,False,,,,,,https://wellzenlounge.com,no,"No contact, and city not provable"
osm-NYC-nailsalon-00021,Unlabelled,localbiz,NYC,Nail Salon,The Brooklyn Nail Company,,,False,,,,,,https://www.thebknc.com,no,No email or phone printed on their own pages
osm-NYC-nailsalon-00022,Unlabelled,localbiz,NYC,Nail Salon,Vida Nail Spa,,,False,,,,,,https://www.vidanailny.com,no,"No contact, and city not provable"
osm-NYC-nailsalon-00023,Unlabelled,localbiz,NYC,Nail Salon,Ocean Nail & Spa,,,False,,,,,,https://ocean-nail-spa-inc.edan.io/,no,"No contact, and city not provable"
osm-NYC-nailsalon-00024,Unlabelled,localbiz,NYC,Nail Salon,Zenisha Nails Spa Inc,,,False,,,,,,https://zenishanailsspainc.com,no,"No contact, and city not provable"
osm-NYC-nailsalon-00025,Unlabelled,localbiz,NYC,Nail Salon,Brooklyn Nails & Spa,,,False,,,,,,https://brooklynnails.com,no,No email or phone printed on their own pages
osm-NYC-nailsalon-00026,Unlabelled,localbiz,NYC,Nail Salon,Primp & Polish,,,False,,,,,,https://www.primpandpolish.com/lorimerstreet,no,"No contact, and city not provable"
osm-NYC-nailsalon-00027,Unlabelled,localbiz,NYC,Nail Salon,Local Honey Nail,,,False,,,,,,https://www.localhoneynail.com/,no,"No contact, and city not provable"
osm-NYC-petgroomer-00025,Unlabelled,localbiz,NYC,Pet Groomer,Furry n' Fabulous,,,False,,,,,,https://www.furrynfab.com,no,"No contact, and city not provable"
osm-NYC-petgroomer-00026,Unlabelled,localbiz,NYC,Pet Groomer,HappyDogs,,,False,,,,,,https://happydogsnyc.com/stuyvesant-town/daycare/,no,"No contact, and city not provable"
osm-NYC-petgroomer-00027,Unlabelled,localbiz,NYC,Pet Groomer,American Academy of Pet Grooming,,,False,,,,,,https://aaopg.com/,no,"No contact, and city not provable"
osm-NYC-petgroomer-00028,Unlabelled,localbiz,NYC,Pet Groomer,Walter's Pet Styles,,,False,,,,,,https://www.walterspetstyles.com,no,"No contact, and city not provable"
osm-NYC-petgroomer-00029,Unlabelled,localbiz,NYC,Pet Groomer,Best Friends Boarding & Day Care,,,False,,,,,,https://www.bfbnyc.com,no,"No contact, and city not provable"
osm-NYC-petgroomer-00030,Unlabelled,localbiz,NYC,Pet Groomer,Camp Canine,,,False,,,,,,https://www.nycampcanine.com,no,"No contact, and city not provable"
osm-NYC-petgroomer-00031,Unlabelled,localbiz,NYC,Pet Groomer,Shake & Tail,,,False,,,,,,https://shakeandtailny.com,no,"No contact, and city not provable"
osm-NYC-petgroomer-00032,Unlabelled,localbiz,NYC,Pet Groomer,Downtown Doghouse,,,False,,,,,,https://www.downtowndoghouse.com,no,"No contact, and city not provable"
osm-NYC-petgroomer-00033,Unlabelled,localbiz,NYC,Pet Groomer,Releash NYC,,,False,,,,,,https://www.releashnyc.com/,no,No email or phone printed on their own pages
osm-NYC-petgroomer-00034,Unlabelled,localbiz,NYC,Pet Groomer,Snowball Salon,,,False,,,,,,http://www.snowballsalon.com/,no,"No contact, and city not provable"
osm-NYC-petgroomer-00035,Unlabelled,localbiz,NYC,Pet Groomer,Aristo Paws,,,False,,,,,,https://aristobylucky.com,no,"No contact, and city not provable"
osm-NYC-petgroomer-00036,Unlabelled,localbiz,NYC,Pet Groomer,Puppy Tale Lodge,,,False,,,,,,https://puppytalelodge.com,no,"No contact, and city not provable"
osm-NYC-petgroomer-00037,Unlabelled,localbiz,NYC,Pet Groomer,Paws Country Club,,,False,,,,,,https://www.pawscountryclub.com,no,"No contact, and city not provable"
osm-NYC-petgroomer-00038,Unlabelled,localbiz,NYC,Pet Groomer,Doggie-Do & Playtime Too,,,False,,,,,,https://doggiedonyc.com,no,"No contact, and city not provable"
osm-NYC-petgroomer-00039,Unlabelled,localbiz,NYC,Pet Groomer,Maxx & Fluffy's,,,False,,,,,,https://maxxfluffy.com/,no,"No contact, and city not provable"
osm-NYC-petgroomer-00040,Unlabelled,localbiz,NYC,Pet Groomer,Dogma Garden,,,False,,,,,,https://dogmanyc.com,no,"No contact, and city not provable"
osm-NYC-petgroomer-00041,Unlabelled,localbiz,NYC,Pet Groomer,Funny Pets NYC,,,False,,,,,,https://www.funnypets.nyc/,no,No email or phone printed on their own pages
osm-NYC-petgroomer-00042,Unlabelled,localbiz,NYC,Pet Groomer,Ruff Club,,,False,,,,,,https://www.ruffclub.com,no,"No contact, and city not provable"
osm-NYC-petstore-00008,Unlabelled,localbiz,NYC,Pet Store,Manhattan Puppies & Kittens,,,False,,,,,,https://www.manhattan-puppies.com,no,No email or phone printed on their own pages
osm-NYC-petstore-00009,Unlabelled,localbiz,NYC,Pet Store,Whiskers Holistic Petcare,,,False,,,,,,https://www.1800whiskers.com,no,"No contact, and city not provable"
osm-NYC-petstore-00010,Unlabelled,localbiz,NYC,Pet Store,Canine Styles,,,False,,,,,,https://www.caninestyles.com,no,"No contact, and city not provable"
osm-NYC-petstore-00011,Unlabelled,localbiz,NYC,Pet Store,Pet Market NYC,,,False,,,,,,https://www.petmarketnyc.com,no,No email or phone printed on their own pages
osm-NYC-petstore-00012,Unlabelled,localbiz,NYC,Pet Store,Biscuits & Bath,,,False,,,,,,https://www.biscuitsandbath.com/locations/murray-hill/,no,"No contact, and city not provable"
osm-NYC-petstore-00013,Unlabelled,localbiz,NYC,Pet Store,Petco,,,False,,,,,,https://stores.petco.com/ny/newyork/pet-supplies-newyork-ny-3746.html,no,"No contact, and city not provable"
osm-NYC-petstore-00014,Unlabelled,localbiz,NYC,Pet Store,Pet Town,,,False,,,,,,https://pettown.business.site,no,"No contact, and city not provable"
osm-NYC-petstore-00015,Unlabelled,localbiz,NYC,Pet Store,Popcorn Pawz - Inwood,,,False,,,,,,https://www.popcornpawz.com/,no,"No contact, and city not provable"
osm-NYC-petstore-00016,Unlabelled,localbiz,NYC,Pet Store,Manhattan Aquariums,,,False,,,,,,https://www.aquariumsnewyork.com/,no,No email or phone printed on their own pages
osm-NYC-petstore-00017,Unlabelled,localbiz,NYC,Pet Store,Pet Central,,,False,,,,,,https://petcentralnyc.com,no,"No contact, and city not provable"
osm-NYC-petstore-00018,Unlabelled,localbiz,NYC,Pet Store,PetSmart,,,False,,,,,,https://www.petsmart.com/store-locator/store/,no,"No contact, and city not provable"
osm-NYC-petstore-00019,Unlabelled,localbiz,NYC,Pet Store,NY Tails,,,False,,,,,,https://www.nytails.com/,no,"No contact, and city not provable"
osm-NYC-petstore-00020,Unlabelled,localbiz,NYC,Pet Store,Sunflower Natural Pet Supplies,,,False,,,,,,https://www.sunflowerpet.com/,no,"No contact, and city not provable"
osm-NYC-petstore-00021,Unlabelled,localbiz,NYC,Pet Store,Citipups,,,False,,,,,,https://citipups.com,no,"No contact, and city not provable"
osm-NYC-petstore-00022,Unlabelled,localbiz,NYC,Pet Store,Petopia,,,False,,,,,,https://www.nycpetopia.com/petopia-1/,no,"No contact, and city not provable"
osm-NYC-petstore-00023,Unlabelled,localbiz,NYC,Pet Store,Little Creatures,,,False,,,,,,https://www.littlecreaturesnyc.com/stores/search/,no,"No contact, and city not provable"
osm-NYC-petstore-00024,Unlabelled,localbiz,NYC,Pet Store,Just Food For Dogs,,,False,,,,,,https://www.justfoodfordogs.com/store/2025-broadway-new-york-ny-10023.html,no,"No contact, and city not provable"
osm-NYC-pharmacy-00003,Unlabelled,localbiz,NYC,Pharmacy,Rite Aid,,,False,,,,,,https://www.riteaid.com/locations/ny/bronx/21b-knolls-crescent.html,no,"No contact, and city not provable"
osm-NYC-pharmacy-00004,Unlabelled,localbiz,NYC,Pharmacy,Rosedale Pharmacy,,,False,,,,,,https://www.rosedalepharmacy.com/,no,"No contact, and city not provable"
osm-NYC-pharmacy-00005,Unlabelled,localbiz,NYC,Pharmacy,CVS Pharmacy,,,False,,,,,,https://www.cvs.com/store-locator/bronx-ny-pharmacies/3125-bainbridge-avenue-bronx-ny-10467/storeid=2551,no,"No contact, and city not provable"
osm-NYC-pharmacy-00006,Unlabelled,localbiz,NYC,Pharmacy,Leroy Pharmacy,,,False,,,,,,https://leroyrx.com,no,"No contact, and city not provable"
osm-NYC-pharmacy-00030,Unlabelled,localbiz,NYC,Pharmacy,Warbasse Pharmacy & Surgical Supplies,,,False,,,,,,http://www.skpharmacy.com/s-k-warbasse-pharmacy-11224/,no,"No contact, and city not provable"
osm-NYC-pharmacy-00031,Unlabelled,localbiz,NYC,Pharmacy,Rite Aid,,,False,,,,,,https://www.riteaid.com/locations/ny/brooklyn/6423-fort-hamilton-pkwy.html,no,"No contact, and city not provable"
osm-NYC-pharmacy-00032,Unlabelled,localbiz,NYC,Pharmacy,CVS Pharmacy,,,False,,,,,,https://www.cvs.com/store-locator/brooklyn-ny-pharmacies/859-manhattan-ave-brooklyn-ny-11222/storeid=10042,no,"No contact, and city not provable"
osm-NYC-pharmacy-00033,Unlabelled,localbiz,NYC,Pharmacy,Duane Reade Pharmacy,,,False,,,,,,https://www.walgreens.com/locator/duane+reade-756+myrtle+ave-brooklyn-ny-11206/id=14410,no,"No contact, and city not provable"
osm-NYC-pharmacy-00034,Unlabelled,localbiz,NYC,Pharmacy,City Chemist,,,False,,,,,,https://www.city-chemist.com,no,"No contact, and city not provable"
osm-NYC-pharmacy-00035,Unlabelled,localbiz,NYC,Pharmacy,Careland Pharmacy,,,False,,,,,,https://careland-pharmacy.com,no,"No contact, and city not provable"
osm-NYC-pharmacy-00036,Unlabelled,localbiz,NYC,Pharmacy,The Modern Chemist,,,False,,,,,,https://themodernchemist.com,no,"No contact, and city not provable"
osm-NYC-pharmacy-00037,Unlabelled,localbiz,NYC,Pharmacy,Markowa Apteka Pharmacy,,,False,,,,,,https://www.markowaapteka.com/,no,"No contact, and city not provable"
osm-NYC-pharmacy-00038,Unlabelled,localbiz,NYC,Pharmacy,Neergaard Pharmacy,,,False,,,,,,https://www.neergaardpharmacies.com/locations#1,no,"No contact, and city not provable"
osm-NYC-pharmacy-00039,Unlabelled,localbiz,NYC,Pharmacy,Clarkson Pharmacy,,,False,,,,,,https://www.mygnp.com/store,no,"No contact, and city not provable"
osm-NYC-pharmacy-00040,Unlabelled,localbiz,NYC,Pharmacy,Navar Pharmacy,,,False,,,,,,https://www.navarpharmacy.com/,no,"No contact, and city not provable"
osm-NYC-pharmacy-00041,Unlabelled,localbiz,NYC,Pharmacy,Irving Pharmacy,,,False,,,,,,https://irvingspecialtypharmacy.com/,no,"No contact, and city not provable"
osm-NYC-pharmacy-00042,Unlabelled,localbiz,NYC,Pharmacy,MG Pharmacy,,,False,,,,,,http://mgpharmacynyc.com/,no,"No contact, and city not provable"
osm-NYC-pharmacy-00043,Unlabelled,localbiz,NYC,Pharmacy,Crest Pharmacy,,,False,,,,,,https://www.crestpharmacyny.com,no,"No contact, and city not provable"
osm-NYC-pharmacy-00044,Unlabelled,localbiz,NYC,Pharmacy,Park Chemists,,,False,,,,,,https://www.parkchemistsrx.com,no,"No contact, and city not provable"
osm-NYC-pharmacy-00045,Unlabelled,localbiz,NYC,Pharmacy,Prospect Care Pharmacy,,,False,,,,,,https://prospect-care-pharmacy-inc.business.site,no,"No contact, and city not provable"
osm-NYC-pharmacy-00046,Unlabelled,localbiz,NYC,Pharmacy,La Pharmacie,,,False,,,,,,https://www.la-pharmacie.com,no,"No contact, and city not provable"
osm-NYC-pharmacy-00047,Unlabelled,localbiz,NYC,Pharmacy,Aausadh Farmacia,,,False,,,,,,https://www.aausadhinc.com,no,"No contact, and city not provable"
osm-NYC-pharmacy-00048,Unlabelled,localbiz,NYC,Pharmacy,Health Max,,,False,,,,,,https://www.healthmaxny.com/,no,"No contact, and city not provable"
osm-NYC-pharmacy-00049,Unlabelled,localbiz,NYC,Pharmacy,Pharmacy 4U,,,False,,,,,,http://specialtypharmacy4u.com,no,"No contact, and city not provable"
osm-NYC-pharmacy-00050,Unlabelled,localbiz,NYC,Pharmacy,Sunway Pharmacy,,,False,,,,,,https://www.sunwayrx.com,no,"No contact, and city not provable"
osm-NYC-pharmacy-00051,Unlabelled,localbiz,NYC,Pharmacy,Live Good Pharmacy,,,False,,,,,,https://livegoodpharmacy.com,no,"No contact, and city not provable"
osm-NYC-pharmacy-00052,Unlabelled,localbiz,NYC,Pharmacy,Mega Aid,,,False,,,,,,https://www.mega-aid.com/,no,"No contact, and city not provable"
osm-NYC-pharmacy-00053,Unlabelled,localbiz,NYC,Pharmacy,BBRx Pharmacy,,,False,,,,,,https://www.bbrxpharmacy.com,no,"No contact, and city not provable"
osm-NYC-pharmacy-00054,Unlabelled,localbiz,NYC,Pharmacy,Medical Arts,,,False,,,,,,https://medarts.net,no,"No contact, and city not provable"
osm-NYC-pharmacy-00055,Unlabelled,localbiz,NYC,Pharmacy,Blue Dream Cannabis & Vintage,,,False,,,,,,https://bdcvpdx.com/,no,"blocked_category:cannabis, geo_unverified, no_contact"
osm-NYC-phonerepairs-00007,Unlabelled,localbiz,NYC,Phone Repair Shop,T-Mobile,,,False,,,,,,https://www.t-mobile.com/stores/bd/t-mobile-bronx-ny-10466-9299,no,"No contact, and city not provable"
osm-NYC-phonerepairs-00008,Unlabelled,localbiz,NYC,Phone Repair Shop,Metro by T-Mobile,,,False,,,,,,https://www.metrobyt-mobile.com/stores/bd/metro-by-t-mobile-bronx-ny-10225623/,no,"No contact, and city not provable"
osm-NYC-tailor-00003,Unlabelled,localbiz,NYC,Tailor,Mr. Anthony Cleaners,,,False,,,,,,https://mranthonycleaners.com,no,No email or phone printed on their own pages
osm-NYC-tailor-00004,Unlabelled,localbiz,NYC,Tailor,Manolo Costa,,,False,,,,,,https://www.manolocosta.com/,no,"No contact, and city not provable"
osm-NYC-tailor-00005,Unlabelled,localbiz,NYC,Tailor,Suits and Skirts Cleaners,,,False,,,,,,https://suitsandskirtscleaners.com,no,"No contact, and city not provable"
osm-NYC-tailor-00006,Unlabelled,localbiz,NYC,Tailor,Senel Tailors,,,False,,,,,,https://www.seneltailor.com,no,"No contact, and city not provable"
osm-NYC-tailor-00007,Unlabelled,localbiz,NYC,Tailor,New Sew Good Cleaners,,,False,,,,,,https://sewgoodcleaners.weebly.com,no,"No contact, and city not provable"
osm-NYC-tutoringcent-00001,Unlabelled,localbiz,NYC,Tutoring Center,Mamun Tutorial,,,False,,,,,,https://www.mamuntutorial.com/,no,"No contact, and city not provable"
osm-NYC-tutoringcent-00002,Unlabelled,localbiz,NYC,Tutoring Center,Ahsan's Learning Center,,,False,,,,,,https://www.ahsanslearningcenter.com/,no,"No contact, and city not provable"
osm-NYC-tutoringcent-00042,Unlabelled,localbiz,NYC,Tutoring Center,Kuei Luck Enrichment Center,,,False,,,,,,https://www.kueiluck.com/,no,"No contact, and city not provable"
osm-NYC-tutoringcent-00043,Unlabelled,localbiz,NYC,Tutoring Center,Reading Town,,,False,,,,,,http://bellblvd.readingtown.com,no,"No contact, and city not provable"
osm-NYC-tutoringcent-00044,Unlabelled,localbiz,NYC,Tutoring Center,Bobby-Tariq Tutoring Center,,,False,,,,,,https://www.bobbytariq.com/jamaica/,no,"No contact, and city not provable"
osm-NYC-tutoringcent-00045,Unlabelled,localbiz,NYC,Tutoring Center,Bushra's Tutorial,,,False,,,,,,http://bushrastutorial.weebly.com,no,"No contact, and city not provable"
osm-NYC-tutoringcent-00046,Unlabelled,localbiz,NYC,Tutoring Center,Prodigy Learning Center,,,False,,,,,,https://prodigynow.com,no,"No contact, and city not provable"
osm-NYC-tutoringcent-00047,Unlabelled,localbiz,NYC,Tutoring Center,Kumon,,,False,,,,,,https://www.kumon.com/st-albans-ny/,no,"No contact, and city not provable"
